<?xml version="1.0" encoding="UTF-8"?>
<project-private xmlns="http://www.netbeans.org/ns/project-private/1">
    <editor-bookmarks xmlns="http://www.netbeans.org/ns/editor-bookmarks/2" lastBookmarkId="0"/>
    <open-files xmlns="http://www.netbeans.org/ns/projectui-open-files/2">
        <group>
            <file>file:/D:/My%20Documents/NetBeansProjects/WalmartDBapp/src/java/controller/ControllerServlet.java</file>
            <file>file:/D:/My%20Documents/NetBeansProjects/WalmartDBapp/src/java/session/TransactionManager.java</file>
            <file>file:/D:/My%20Documents/NetBeansProjects/WalmartDBapp/web/index.jsp</file>
            <file>file:/D:/My%20Documents/NetBeansProjects/WalmartDBapp/web/hireEmployee.jsp</file>
            <file>file:/D:/My%20Documents/NetBeansProjects/WalmartDBapp/src/java/entities/Employee.java</file>
            <file>file:/D:/My%20Documents/NetBeansProjects/WalmartDBapp/web/Warehouse.jsp</file>
            <file>file:/D:/My%20Documents/NetBeansProjects/WalmartDBapp/src/java/entities/Warehouse.java</file>
        </group>
    </open-files>
</project-private>
