<?xml version="1.0" encoding="UTF-8"?>
<project-private xmlns="http://www.netbeans.org/ns/project-private/1">
    <editor-bookmarks xmlns="http://www.netbeans.org/ns/editor-bookmarks/2" lastBookmarkId="0"/>
    <open-files xmlns="http://www.netbeans.org/ns/projectui-open-files/2">
        <group>
            <file>file:/D:/My%20Documents/NetBeansProjects/WalmartDBapp/src/java/session/TransactionManager.java</file>
            <file>file:/D:/My%20Documents/NetBeansProjects/WalmartDBapp/src/java/controller/ControllerServlet.java</file>
            <file>file:/D:/My%20Documents/NetBeansProjects/WalmartDBapp/web/Store.jsp</file>
            <file>file:/D:/My%20Documents/NetBeansProjects/WalmartDBapp/src/java/entities/Store.java</file>
            <file>file:/D:/My%20Documents/NetBeansProjects/WalmartDBapp/web/Warehouse.jsp</file>
            <file>file:/D:/My%20Documents/NetBeansProjects/WalmartDBapp/web/Vendor.jsp</file>
            <file>file:/D:/My%20Documents/NetBeansProjects/WalmartDBapp/web/VendorInventory.jsp</file>
            <file>file:/D:/My%20Documents/NetBeansProjects/WalmartDBapp/web/fireEmployee.jsp</file>
            <file>file:/D:/My%20Documents/NetBeansProjects/WalmartDBapp/web/Product.jsp</file>
            <file>file:/D:/My%20Documents/NetBeansProjects/WalmartDBapp/web/index.jsp</file>
            <file>file:/D:/My%20Documents/NetBeansProjects/WalmartDBapp/web/hireEmployee.jsp</file>
            <file>file:/D:/My%20Documents/NetBeansProjects/WalmartDBapp/web/WarehouseInventory.jsp</file>
            <file>file:/D:/My%20Documents/NetBeansProjects/WalmartDBapp/web/StoreInventory.jsp</file>
        </group>
    </open-files>
</project-private>
